interview__key,METODO,Coord1__Latitude,Coord1__Longitude, EDAD , GENERO ,INT DE VOTO X ESPACIO,RADIO
56-56-25-81,F2F,-32.8814575122669,-60.6952736992389,56 y mas, Masculino ,LIBERTARIOS,820840409
67-96-98-06,F2F,-32.8822587803006,-60.6935706641525,36 a 45, Masculino ,OTROS,820840410
24-21-01-39,F2F,-32.8847307000000,-60.6928819000000,56 y mas, Femenino ,OTROS,820840502
84-96-80-81,F2F,-32.8846732000000,-60.6934637000000,26 a 35, Masculino ,LIBERTARIOS,820840502
21-29-79-64,F2F,-32.9188330000000,-60.7036282000000,36 a 45, Femenino ,NINGUNO/NOSABE,820841013
16-53-72-77,F2F,-32.9188310000000,-60.7015505000000,46 a 55, Femenino ,JxC,820841014
33-52-26-63,F2F,-32.9193188000000,-60.7019451000000,56 y mas, Masculino ,FdT,820841014
97-65-95-19,F2F,-32.9192830000000,-60.7021761000000,56 y mas, Femenino ,FdT,820841014
60-33-90-60,F2F,-32.9206061549485,-60.7005741633475,26 a 35, Femenino ,PNK,820841017
80-36-02-32,F2F,-32.9207337000000,-60.7039014000000,46 a 55, Femenino ,FdT,820841017
88-84-75-28,F2F,-32.9202941000000,-60.7030536000000,26 a 35, Femenino ,PNK,820841017
94-39-26-50,F2F,-32.9207584122196,-60.7032890617847,26 a 35, Masculino ,JxC,820841017
29-38-84-70,F2F,-32.9207013662645,-60.7259405753335,26 a 35, Femenino ,FdT,820841104
74-83-57-74,F2F,-32.9312230846281,-60.6516485767042,36 a 45, Femenino ,JxC,820841509
94-78-51-09,F2F,-32.9380634654326,-60.6717507460671,26 a 35, Femenino ,JxC,820841609
48-06-06-38,F2F,-32.9326741576996,-60.6548653665387,16 a 25, Femenino ,NINGUNO/NOSABE,820841706
72-81-50-58,F2F,-32.9327706479748,-60.6546655201537,36 a 45, Masculino ,FdT,820841706
77-91-68-37,F2F,-32.9315139030567,-60.6537743074367,56 y mas, Masculino ,NINGUNO/NOSABE,820841707
70-95-28-50,F2F,-32.9315671569648,-60.6518305319614,26 a 35, Femenino ,NINGUNO/NOSABE,820841801
43-92-62-18,F2F,-32.9380872808520,-60.6516647545952,56 y mas, Femenino ,JxC,820841810
25-33-90-99,F2F,-32.9422032189348,-60.6529300411706,36 a 45, Femenino ,NINGUNO/NOSABE,820841818
96-32-78-61,F2F,-32.9420854501983,-60.6527653961238,26 a 35, Femenino ,FdT,820841818
57-54-06-69,F2F,-32.9398121083094,-60.6521916398554,26 a 35, Masculino ,LIBERTARIOS,820841908
72-79-77-32,F2F,-32.9461056839362,-60.6351487887596,16 a 25, Femenino ,JxC,820842108
72-38-46-54,F2F,-32.9454527300025,-60.6352949836719,26 a 35, Femenino ,NINGUNO/NOSABE,820842115
90-01-40-58,F2F,-32.9450773725133,-60.6349914276067,16 a 25, Masculino ,FdT,820842115
93-91-89-49,F2F,-32.9582241975474,-60.6360824796595,56 y mas, Femenino ,FdT,820842412
52-96-78-22,F2F,-32.9583982050870,-60.6280333843554,56 y mas, Femenino ,JxC,820842416
65-58-42-37,F2F,-32.9553463374574,-60.6433464049768,26 a 35, Femenino ,OTROS,820842613
38-21-81-27,F2F,-32.9555033198056,-60.6437020350445,46 a 55, Masculino ,NINGUNO/NOSABE,820842616
02-40-40-60,F2F,-32.9471291900101,-60.6638852089108,26 a 35, Masculino ,FIT,820842908
70-44-17-48,F2F,-32.9470777399263,-60.6634745314961,46 a 55, Masculino ,NINGUNO/NOSABE,820842908
95-29-62-65,F2F,-32.9476127819224,-60.6628535367384,26 a 35, Masculino ,JxC,820842908
36-04-83-07,F2F,-32.9578244000000,-60.7025723000000,56 y mas, Masculino ,FdT,820843306
48-98-17-65,F2F,-32.9565850700000,-60.7014079600000,26 a 35, Masculino ,OTROS,820843306
56-30-70-54,F2F,-32.9565292000000,-60.6995574000000,56 y mas, Femenino ,OTROS,820843306
67-13-95-63,F2F,-32.9575935700000,-60.7002757700000,36 a 45, Femenino ,JxC,820843306
75-83-70-22,F2F,-32.9577829500000,-60.7021436800000,56 y mas, Masculino ,LIBERTARIOS,820843306
36-01-40-47,F2F,-32.9568350000000,-60.6991055000000,16 a 25, Femenino ,LIBERTARIOS,820843307
38-73-44-80,F2F,-32.9572675000000,-60.6992073000000,56 y mas, Femenino ,PNK,820843307
45-15-97-65,F2F,-32.9567616000000,-60.6992319000000,36 a 45, Femenino ,FdT,820843307
60-25-42-18,F2F,-32.9565614000000,-60.6972210000000,46 a 55, Femenino ,PNK,820843307
86-26-22-37,F2F,-32.9583626000000,-60.6985305000000,46 a 55, Femenino ,FdT,820843308
73-96-66-43,F2F,-32.9641633031691,-60.6668793736164,56 y mas, Femenino ,NINGUNO/NOSABE,820843613
81-57-31-30,F2F,-32.9642817619175,-60.6668849889755,26 a 35, Femenino ,FdT,820843613
33-25-94-25,F2F,-32.9645436558287,-60.6666944161748,36 a 45, Femenino ,FdT,820843614
05-87-39-67,F2F,-32.9585645647095,-60.6357571045029,16 a 25, Masculino ,LIBERTARIOS,820843901
31-63-67-07,F2F,-32.9576685064649,-60.6379358800966,16 a 25, Femenino ,JxC,820843915
39-59-40-00,F2F,-32.9583260367187,-60.6366500403984,56 y mas, Femenino ,FIT,820843915
69-51-31-39,F2F,-32.9583096334340,-60.6369419451425,36 a 45, Masculino ,JxC,820843915
72-23-06-22,F2F,-32.9575988980873,-60.6378109448673,16 a 25, Masculino ,JxC,820843915
76-02-17-71,F2F,-32.9582802820482,-60.6369299746372,26 a 35, Masculino ,JxC,820843915
92-38-76-83,F2F,-32.9581375022440,-60.6368435101864,26 a 35, Femenino ,FdT,820843915
62-48-24-06,F2F,-32.9887308941611,-60.6645386780276,26 a 35, Masculino ,FdT,820844518
12-40-99-00,F2F,-32.9911240101418,-60.6663618835037,56 y mas, Masculino ,FdT,820844520
35-92-51-55,F2F,-32.9911913891646,-60.6656878088785,36 a 45, Masculino ,FdT,820844520
37-16-80-21,F2F,-32.9884910761586,-60.6644780646645,56 y mas, Femenino ,FdT,820844520
56-35-40-95,F2F,-32.9910375502003,-60.6660996526678,46 a 55, Femenino ,NINGUNO/NOSABE,820844520
84-25-10-66,F2F,-32.9887109100054,-60.6644672189659,46 a 55, Femenino ,JxC,820844520
08-31-22-57,F2F,-33.0109613000000,-60.6512306000000,36 a 45, Masculino ,OTROS,820845204
28-76-11-35,F2F,-33.0120734000000,-60.6521521000000,36 a 45, Femenino ,JxC,820845204
91-43-94-39,F2F,-33.0118912000000,-60.6521394000000,26 a 35, Femenino ,LIBERTARIOS,820845204
46-79-64-82,F2F,-33.0096850000000,-60.6539608000000,36 a 45, Masculino ,PNK,820845213
58-36-72-79,F2F,-33.0119369000000,-60.6530751000000,26 a 35, Femenino ,PNK,820845213
02-30-15-72,F2F,-33.0207559500000,-60.6319127500000,46 a 55, Masculino ,OTROS,820846102
11-45-75-22,F2F,-33.0202202000000,-60.6316069000000,56 y mas, Femenino ,NINGUNO/NOSABE,820846102
29-19-85-48,F2F,-33.0194785000000,-60.6333636000000,56 y mas, Femenino ,NINGUNO/NOSABE,820846102
36-07-31-43,F2F,-33.0210789000000,-60.6307874000000,56 y mas, Masculino ,FdT,820846102
44-24-49-04,F2F,-33.0204344400000,-60.6325814200000,16 a 25, Femenino ,JxC,820846102
51-95-61-80,F2F,-33.0203153300000,-60.6336449300000,56 y mas, Masculino ,JxC,820846102
52-04-45-73,F2F,-33.0183328500000,-60.6340423200000,56 y mas, Masculino ,NINGUNO/NOSABE,820846102
88-74-35-14,F2F,-33.0193482600000,-60.6320654600000,16 a 25, Femenino ,FdT,820846102
99-54-58-13,F2F,-33.0194441400000,-60.6328975200000,46 a 55, Femenino ,PNK,820846102
68-42-35-87,F2F,-32.9381452315910,-60.6784001865734,56 y mas, Masculino ,PNK,820848001
03-68-85-54,F2F,-32.9399397257448,-60.6672557826157,36 a 45, Masculino ,FdT,820848003
12-54-73-11,F2F,-32.9408631543260,-60.6676274456462,16 a 25, Masculino ,FdT,820848003
16-59-05-78,F2F,-32.9408176764675,-60.6676100047816,56 y mas, Femenino ,NINGUNO/NOSABE,820848003
31-04-38-36,F2F,-32.9406340986239,-60.6672804426621,46 a 55, Femenino ,NINGUNO/NOSABE,820848003
73-72-18-32,F2F,-32.9398658011042,-60.6667832929266,16 a 25, Masculino ,LIBERTARIOS,820848003
83-10-08-06,F2F,-32.9403361255592,-60.6673354833505,16 a 25, Masculino ,LIBERTARIOS,820848003
93-32-92-79,F2F,-32.9408896148570,-60.6673285292533,16 a 25, Femenino ,FdT,820848003
50-68-51-39,F2F,-32.9381697596472,-60.6788694232506,46 a 55, Femenino ,NINGUNO/NOSABE,820848104
01-32-47-77,F2F,-32.9177331675548,-60.7280150363469,36 a 45, Femenino ,FdT,820848213
40-12-35-78,F2F,-32.9181540325592,-60.7279826404527,26 a 35, Masculino ,NINGUNO/NOSABE,820848213
46-77-77-82,F2F,-32.9179913415998,-60.7272183456146,46 a 55, Masculino ,LIBERTARIOS,820848213
58-28-69-86,F2F,-32.9180005016573,-60.7273537486718,26 a 35, Femenino ,PNK,820848213
70-88-61-95,F2F,-32.9182244998517,-60.7272693151972,46 a 55, Masculino ,NINGUNO/NOSABE,820848213
72-13-64-32,F2F,-32.9181028598968,-60.7278685932875,56 y mas, Masculino ,FdT,820848213
26-16-18-17,F2F,-32.9915536806420,-60.6659740704646,56 y mas, Femenino ,OTROS,820848703
25-40-89-20,F2F,-33.0310979000000,-60.6225701000000,46 a 55, Masculino ,FdT,820848907
61-51-13-30,F2F,-33.0299400000000,-60.6198976000000,26 a 35, Masculino ,FIT,820848907
78-18-26-10,F2F,-33.0296289300000,-60.6216281500000,26 a 35, Masculino ,PNK,820848907
95-78-63-61,F2F,-33.0306490000000,-60.6217799000000,46 a 55, Femenino ,OTROS,820848907
96-04-37-24,F2F,-33.0302274000000,-60.6205616000000,56 y mas, Femenino ,OTROS,820848907
03-79-99-22,F2F,-32.7458331000000,-60.7381033000000,46 a 55, Masculino ,OTROS,821191003
40-03-45-65,F2F,-32.7454365000000,-60.7383813000000,46 a 55, Femenino ,OTROS,821191003
49-18-05-74,F2F,-32.7448940000000,-60.7367748000000,36 a 45, Femenino ,OTROS,821191003
57-02-98-59,F2F,-32.7449028000000,-60.7376947000000,26 a 35, Femenino ,OTROS,821191003
62-12-43-41,F2F,-32.7458930000000,-60.7360744000000,56 y mas, Femenino ,JxC,821191003
83-07-42-73,F2F,-32.7450104802847,-60.7359970919788,36 a 45, Masculino ,PNK,821191003
64-05-27-56,F2F,-32.7475877478719,-60.7346508745104,26 a 35, Masculino ,LIBERTARIOS,821191008
3414642441,IVR,-32.94918630,-60.64518000,56 y mas, Masculino ,JxC,820840906
291155099717,IVR,-32.93162800,-60.65361150,46 a 55, Masculino ,NINGUNO/NOSABE,820842714
291156413311,IVR,-33.22715800,-60.32987040,46 a 55, Masculino ,OTROS,820841912
336154594572,IVR,-32.95870220,-60.69304160,26 a 35, Femenino ,FdT,820280506
340015503292,IVR,-32.97297240,-60.65973540,56 y mas, Femenino ,JxC,820280512
340015517273,IVR,-32.95870220,-60.69304160,46 a 55, Masculino ,JxC,820280311
340015523599,IVR,-32.95497730,-60.62870210,16 a 25, Femenino ,JxC,820847805
341152005540,IVR,-32.97570940,-60.65850420,36 a 45, Masculino ,NINGUNO/NOSABE,820840724
341152006574,IVR,-32.88910000,-60.69389610,56 y mas, Masculino ,JxC,820846104
341152012472,IVR,-32.91610600,-60.72024470,36 a 45, Masculino ,NINGUNO/NOSABE,820844820
341152014258,IVR,-32.91445120,-60.79882780,26 a 35, Femenino ,FIT,820845416
341152017295,IVR,-32.95870220,-60.69304160,46 a 55, Masculino ,JxC,820843406
341152019249,IVR,-32.95669060,-60.64336530,46 a 55, Masculino ,OTROS,820841709
341152023986,IVR,-32.94344450,-60.66729450,56 y mas, Masculino ,JxC,820841702
341152026248,IVR,-32.89047990,-60.73306790,56 y mas, Masculino ,NINGUNO/NOSABE,820843509
341152035448,IVR,-32.92541040,-60.70724690,36 a 45, Masculino ,NINGUNO/NOSABE,820842504
341152096381,IVR,-32.97471730,-60.63687440,26 a 35, Masculino ,NINGUNO/NOSABE,820842607
341152117641,IVR,-32.94665310,-60.64325430,36 a 45, Masculino ,NINGUNO/NOSABE,820848003
341152123451,IVR,-32.94488770,-60.64157450,56 y mas, Femenino ,NINGUNO/NOSABE,820844704
341152257491,IVR,-33.22715800,-60.32987040,46 a 55, Femenino ,FdT,820842501
341152262115,IVR,-32.97633850,-60.68259980,46 a 55, Masculino ,OTROS,820842107
341152262115,IVR,-32.97633850,-60.68259980,46 a 55, Masculino ,OTROS,820842107
341152265701,IVR,-32.95870220,-60.69304160,26 a 35, Femenino ,FdT,820845705
341152471517,IVR,-32.97471730,-60.63687440,46 a 55, Masculino ,LIBERTARIOS,820840503
341152476278,IVR,-32.98682870,-60.68374910,46 a 55, Masculino ,LIBERTARIOS,820840307
341152479640,IVR,-32.90336500,-60.68449340,26 a 35, Femenino ,NINGUNO/NOSABE,820843602
341152500466,IVR,-32.95870220,-60.69304160,16 a 25, Femenino ,LIBERTARIOS,820843014
341152706375,IVR,-32.95870220,-60.69304160,36 a 45, Femenino ,NINGUNO/NOSABE,820844604
341152746521,IVR,-32.89666710,-60.70899190,36 a 45, Masculino ,PNK,821190804
341152772069,IVR,-33.00771730,-60.67560730,26 a 35, Femenino ,FdT,820841302
341152823656,IVR,-32.95946200,-60.62991700,46 a 55, Masculino ,LIBERTARIOS,820843804
341152823656,IVR,-32.95946200,-60.62991700,46 a 55, Masculino ,LIBERTARIOS,820843804
341153001107,IVR,-32.95870220,-60.69304160,26 a 35, Masculino ,LIBERTARIOS,820846104
341153047294,IVR,-32.93535920,-60.69634030,46 a 55, Masculino ,JxC,820841101
341153060661,IVR,-32.94161450,-60.71739350,46 a 55, Masculino ,OTROS,820840611
341153063146,IVR,-32.88734190,-60.72051650,46 a 55, Masculino ,JxC,820842817
341153067615,IVR,-32.94422400,-60.63801000,56 y mas, Femenino ,LIBERTARIOS,820841015
341153071444,IVR,-32.95400330,-60.65821240,46 a 55, Masculino ,NINGUNO/NOSABE,820841018
341153078680,IVR,-32.95870220,-60.69304160,46 a 55, Femenino ,JxC,820843612
341153086959,IVR,-32.94475190,-60.64006250,56 y mas, Femenino ,JxC,820845202
341153094027,IVR,-33.00637490,-60.68874400,26 a 35, Masculino ,JxC,820840305
341153130107,IVR,-32.9469719,-60.6319324,46 a 55, Femenino ,NINGUNO/NOSABE,820842107
341153142783,IVR,-32.96029620,-60.69822920,56 y mas, Femenino ,JxC,820841411
341153142783,IVR,-32.96029620,-60.69822920,56 y mas, Femenino ,JxC,820841411
341153168470,IVR,-32.96406020,-60.67266650,26 a 35, Masculino ,LIBERTARIOS,820841705
341153169706,IVR,-32.97700160,-60.63774020,36 a 45, Femenino ,JxC,820848106
341153199462,IVR,-32.94612150,-60.64787920,26 a 35, Masculino ,LIBERTARIOS,820841916
341153212356,IVR,-32.74916900,-60.74316850,26 a 35, Masculino ,LIBERTARIOS,820842502
341153212356,IVR,-32.74916900,-60.74316850,36 a 45, Masculino ,LIBERTARIOS,820842502
341153256363,IVR,-32.95870220,-60.69304160,36 a 45, Masculino ,NINGUNO/NOSABE,820843604
341153260575,IVR,-32.95870220,-60.69304160,26 a 35, Femenino ,NINGUNO/NOSABE,820848604
341153280255,IVR,-32.92090980,-60.73186470,36 a 45, Masculino ,FdT,820846113
341153289089,IVR,-32.95896000,-60.71737410,36 a 45, Masculino ,LIBERTARIOS,820845013
341153301952,IVR,-32.88734190,-60.72051650,36 a 45, Masculino ,JxC,820844306
341153305170,IVR,-32.95870220,-60.69304160,16 a 25, Femenino ,JxC,820845412
341153307281,IVR,-32.96438410,-60.63253000,46 a 55, Masculino ,OTROS,820840617
341153308006,IVR,-32.96195100,-60.64485110,46 a 55, Masculino ,LIBERTARIOS,820843514
341153313742,IVR,-32.99578130,-60.61942720,26 a 35, Masculino ,NINGUNO/NOSABE,820845708
341153315923,IVR,-32.90531120,-60.69865400,46 a 55, Masculino ,FdT,820840617
341153315923,IVR,-32.90531120,-60.69865400,46 a 55, Masculino ,FdT,820840617
341153539251,IVR,-32.94900010,-60.67323930,56 y mas, Masculino ,LIBERTARIOS,820841509
341153546782,IVR,-32.99848130,-60.66726320,26 a 35, Masculino ,JxC,820843308
341153554169,IVR,-32.93734170,-60.68946300,26 a 35, Masculino ,FdT,820843707
341153586053,IVR,-32.95870220,-60.69304160,36 a 45, Masculino ,LIBERTARIOS,820842103
341153603192,IVR,-32.97107390,-60.68142390,36 a 45, Femenino ,JxC,820842203
341153603707,IVR,-32.93083400,-60.73346200,36 a 45, Masculino ,FdT,820840508
341153662459,IVR,-32.94697190,-60.63193240,46 a 55, Masculino ,JxC,820845412
341153673181,IVR,-32.94970760,-60.64270290,26 a 35, Femenino ,OTROS,820848203
341153707441,IVR,-32.83600070,-60.70609430,56 y mas, Masculino ,JxC,820841608
341153750222,IVR,-32.89366500,-60.70851700,36 a 45, Masculino ,JxC,820842301
341153750222,IVR,-32.89366500,-60.70851700,36 a 45, Masculino ,JxC,820842301
341153760211,IVR,-33.01341280,-60.65260570,36 a 45, Femenino ,LIBERTARIOS,820844706
341153768647,IVR,-32.9422583,-60.7028016,36 a 45, Masculino ,LIBERTARIOS,820848304
341153775433,IVR,-32.89015380,-60.69231040,16 a 25, Masculino ,LIBERTARIOS,820843813
341153790060,IVR,-23.44250300,-58.44383200,56 y mas, Masculino ,JxC,820842411
341153800055,IVR,-32.90917620,-60.76001950,36 a 45, Otro ,OTROS,820842611
341153806704,IVR,-33.00637490,-60.68874400,36 a 45, Masculino ,JxC,820842401
341153811893,IVR,-32.83600070,-60.70609430,56 y mas, Femenino ,NINGUNO/NOSABE,820842505
341153817245,IVR,-32.88910000,-60.69389610,36 a 45, Masculino ,NINGUNO/NOSABE,820840620
341153817909,IVR,-32.82005470,-60.72409660,56 y mas, Masculino ,NINGUNO/NOSABE,820844901
341153823423,IVR,-32.94488770,-60.64157450,36 a 45, Femenino ,NINGUNO/NOSABE,820846113
341153833162,IVR,-33.0035188,-60.7825377,46 a 55, Femenino ,FdT,820844306
341153858699,IVR,-32.83805930,-60.69878490,16 a 25, Otro ,NINGUNO/NOSABE,820840519
341153860309,IVR,-32.95870220,-60.69304160,36 a 45, Masculino ,PNK,820842715
341153862956,IVR,-32.98221090,-60.63236010,46 a 55, Femenino ,NINGUNO/NOSABE,820844604
341153863028,IVR,-32.94398420,-60.64180910,36 a 45, Femenino ,JxC,820841818
341153868340,IVR,-32.88716130,-60.72634070,26 a 35, Femenino ,OTROS,820841209
341153879727,IVR,-32.94697190,-60.63193240,56 y mas, Femenino ,PNK,820840311
341153897680,IVR,-32.95821440,-60.67161640,36 a 45, Femenino ,PNK,820841711
341153898255,IVR,-32.94319160,-60.65675530,26 a 35, Masculino ,FIT,820841810
341153916826,IVR,-32.95643910,-60.72608350,56 y mas, Femenino ,FdT,820842708
341153941635,IVR,-33.00104900,-60.63628600,36 a 45, Femenino ,PNK,820844519
341153945993,IVR,-32.96970400,-60.65928630,56 y mas, Femenino ,NINGUNO/NOSABE,820843010
341153951222,IVR,-32.94697190,-60.63193240,56 y mas, Masculino ,JxC,820843609
341153962022,IVR,-32.93373510,-60.66889090,26 a 35, Masculino ,FdT,820843510
341153977580,IVR,-32.93398710,-60.64649580,26 a 35, Otro ,FIT,820843506
341153988533,IVR,-32.98199580,-60.66301050,46 a 55, Femenino ,OTROS,820841706
341153993122,IVR,-32.96196280,-60.62591340,36 a 45, Femenino ,FdT,820845323
341155000262,IVR,-32.9462608,-60.6567122,36 a 45, Femenino ,FIT,820841801
341155000887,IVR,-32.98018690,-60.70500200,36 a 45, Masculino ,LIBERTARIOS,820845414
341155001820,IVR,-32.93822390,-60.64029130,56 y mas, Masculino ,FdT,820842108
341155002663,IVR,-32.96351430,-60.72682800,56 y mas, Masculino ,FdT,820842511
341155003003,IVR,-32.99059910,-60.62172790,46 a 55, Masculino ,FdT,820840901
341155006079,IVR,-32.95870220,-60.69304160,26 a 35, Femenino ,FdT,820840705
341155007331,IVR,-32.82005470,-60.72409660,16 a 25, Masculino ,JxC,820843613
341155009200,IVR,-32.95870220,-60.69304160,46 a 55, Masculino ,LIBERTARIOS,820841912
341155010631,IVR,-32.90466280,-60.69248880,56 y mas, Masculino ,OTROS,820841602
341155013384,IVR,-32.94697190,-60.63193240,56 y mas, Masculino ,LIBERTARIOS,820842813
341155017878,IVR,-32.91736880,-60.81869620,36 a 45, Femenino ,LIBERTARIOS,820845407
341155022573,IVR,-32.94385500,-60.67625850,36 a 45, Femenino ,OTROS,820841216
341155023609,IVR,-32.81280260,-60.72637490,56 y mas, Masculino ,JxC,820842315
341155027401,IVR,-32.91608820,-60.67972480,26 a 35, Masculino ,JxC,820843602
341155030689,IVR,-32.95265790,-60.67686580,36 a 45, Femenino ,FdT,820845404
341155034030,IVR,-32.95448100,-60.64404580,46 a 55, Masculino ,LIBERTARIOS,820841107
341155035344,IVR,-32.88716130,-60.72634070,36 a 45, Masculino ,FdT,820843604
341155036610,IVR,-32.89721940,-60.70439370,36 a 45, Femenino ,NINGUNO/NOSABE,820843804
341155053367,IVR,-32.94697190,-60.63193240,46 a 55, Femenino ,NINGUNO/NOSABE,820841609
341155056548,IVR,-32.94999460,-60.70769720,56 y mas, Femenino ,JxC,820840511
341155057907,IVR,-32.95460570,-60.63291120,56 y mas, Femenino ,JxC,820844524
341155058222,IVR,-32.88158240,-60.73972060,56 y mas, Masculino ,LIBERTARIOS,820848604
341155060873,IVR,-32.93939670,-60.70570480,36 a 45, Masculino ,JxC,820842113
341155061009,IVR,-32.90531120,-60.69865400,16 a 25, Femenino ,FdT,820840702
341155069025,IVR,-32.94697190,-60.63193240,56 y mas, Femenino ,NINGUNO/NOSABE,820841502
341155079689,IVR,-32.89262320,-60.71441290,36 a 45, Masculino ,PNK,821190805
341155080002,IVR,-32.89366500,-60.70851700,56 y mas, Masculino ,JxC,820842114
341155081199,IVR,-32.82005470,-60.72409660,46 a 55, Masculino ,JxC,821190911
341155081278,IVR,-32.73304790,-60.73575700,56 y mas, Femenino ,JxC,820840703
341155086199,IVR,-32.94360700,-60.67306130,36 a 45, Masculino ,FdT,820840408
341155087590,IVR,-32.93902170,-60.63828500,56 y mas, Masculino ,JxC,820842017
341155089579,IVR,-32.92541040,-60.70724690,56 y mas, Masculino ,NINGUNO/NOSABE,820842502
341155091949,IVR,-32.91610600,-60.72024470,36 a 45, Masculino ,NINGUNO/NOSABE,820844901
341155095065,IVR,-32.93701660,-60.65742910,56 y mas, Masculino ,LIBERTARIOS,820844901
341155095717,IVR,-32.93601220,-60.64436580,36 a 45, Masculino ,OTROS,820842509
341155098033,IVR,-32.99723950,-60.64267180,46 a 55, Femenino ,FdT,820842506
341155098205,IVR,-32.95870220,-60.69304160,46 a 55, Masculino ,JxC,820848703
341155100137,IVR,-32.90466280,-60.69248880,56 y mas, Masculino ,FdT,820848109
341155104916,IVR,-32.97064740,-60.66178460,36 a 45, Femenino ,FdT,820848007
341155107573,IVR,-32.89925340,-60.69801250,46 a 55, Femenino ,JxC,820842704
341155153966,IVR,-32.95459500,-60.65174500,56 y mas, Femenino ,NINGUNO/NOSABE,820842107
341155197758,IVR,-32.97216120,-60.62583300,56 y mas, Masculino ,JxC,820844502
341155200180,IVR,-32.91166840,-60.71659380,46 a 55, Masculino ,JxC,820843602
341155204149,IVR,-32.88837800,-60.69668830,36 a 45, Masculino ,FdT,820842107
341155204348,IVR,-32.94344010,-60.63583640,56 y mas, Masculino ,JxC,820841006
341155208046,IVR,-32.95870220,-60.69304160,56 y mas, Masculino ,PNK,820848102
341155209036,IVR,-32.82057970,-60.71038510,46 a 55, Otro ,NINGUNO/NOSABE,820840506
341155209207,IVR,-32.95870220,-60.69304160,36 a 45, Masculino ,LIBERTARIOS,821190403
341155209249,IVR,-32.98465300,-60.73137800,36 a 45, Masculino ,NINGUNO/NOSABE,820845310
341155215789,IVR,-32.99879690,-60.68346160,46 a 55, Femenino ,OTROS,820848314
341155325591,IVR,-32.88837800,-60.69668830,36 a 45, Masculino ,LIBERTARIOS,820846113
341155440830,IVR,-32.96542570,-60.67635680,36 a 45, Masculino ,OTROS,820845202
341155551045,IVR,-32.93756500,-60.66741240,16 a 25, Masculino ,FIT,820848102
341155591607,IVR,-32.92476910,-60.66651430,46 a 55, Femenino ,NINGUNO/NOSABE,821190418
341155662391,IVR,-32.90576300,-60.69348830,36 a 45, Femenino ,JxC,820844303
341155666461,IVR,-32.96438410,-60.63253000,46 a 55, Femenino ,LIBERTARIOS,820848302
341155667492,IVR,-32.94740200,-60.69811870,26 a 35, Masculino ,NINGUNO/NOSABE,820840802
341155667602,IVR,-32.99501250,-60.62747780,36 a 45, Masculino ,PNK,820844822
341155715889,IVR,-32.95265790,-60.67686580,26 a 35, Femenino ,NINGUNO/NOSABE,820845204
341155717311,IVR,-32.88997510,-60.69130640,36 a 45, Otro ,FIT,820845805
341155717660,IVR,-32.9643841,-60.63253,56 y mas, Femenino ,NINGUNO/NOSABE,820844008
341155769041,IVR,-32.92662390,-60.72707460,36 a 45, Masculino ,FdT,820845704
341155769041,IVR,-32.92662390,-60.72707460,36 a 45, Masculino ,FdT,820845704
341155769041,IVR,-32.92662390,-60.72707460,36 a 45, Masculino ,FdT,820845704
341155775521,IVR,-32.97904310,-60.68919090,56 y mas, Femenino ,LIBERTARIOS,820846104
341155780441,IVR,-32.94804120,-60.64312590,56 y mas, Masculino ,JxC,820841214
341155786102,IVR,-32.94697190,-60.63193240,46 a 55, Femenino ,JxC,820842308
341155788604,IVR,-32.94697190,-60.63193240,36 a 45, Femenino ,JxC,820841711
341155789497,IVR,-32.96522960,-60.65813230,46 a 55, Masculino ,FdT,821190804
341155789830,IVR,-32.94239850,-60.64730620,56 y mas, Masculino ,JxC,820840307
341155790237,IVR,-32.96996970,-60.64861640,46 a 55, Femenino ,OTROS,820842107
341155793493,IVR,-32.95870220,-60.69304160,26 a 35, Femenino ,NINGUNO/NOSABE,820840412
341155795268,IVR,-32.78056010,-60.73178100,56 y mas, Femenino ,PNK,820844407
341155796322,IVR,-32.94385500,-60.67625850,56 y mas, Masculino ,FdT,820845601
341155797150,IVR,-32.97297240,-60.65973540,36 a 45, Femenino ,NINGUNO/NOSABE,820842507
341155800034,IVR,-32.91608820,-60.67972480,46 a 55, Masculino ,JxC,820848515
341155800877,IVR,-32.95870220,-60.69304160,56 y mas, Femenino ,FdT,820842002
341155806241,IVR,-32.94100020,-60.68829470,46 a 55, Femenino ,OTROS,820843108
341155824880,IVR,-32.95331540,-60.68117700,56 y mas, Masculino ,FdT,820842014
341155825191,IVR,-32.90235950,-60.71059370,26 a 35, Masculino ,LIBERTARIOS,820844002
341155850977,IVR,-32.97750580,-60.67874850,56 y mas, Masculino ,LIBERTARIOS,820840402
341155873083,IVR,-32.95754950,-60.66876560,56 y mas, Femenino ,PNK,820841005
341155879400,IVR,-32.97526070,-60.68861450,56 y mas, Femenino ,FdT,820842701
341155882941,IVR,-32.97451870,-60.64579340,36 a 45, Femenino ,JxC,820840720
341155885210,IVR,-32.97507750,-60.67672720,36 a 45, Masculino ,PNK,820848516
341155887276,IVR,-32.91699600,-60.81081230,26 a 35, Masculino ,LIBERTARIOS,820840722
341155900542,IVR,-32.9529449,-60.638768,26 a 35, Femenino ,NINGUNO/NOSABE,820842618
341155901225,IVR,-32.93118040,-60.69810370,36 a 45, Masculino ,OTROS,820843315
341155907777,IVR,-32.91683460,-60.74565810,46 a 55, Masculino ,NINGUNO/NOSABE,820842116
341155908800,IVR,-32.92582730,-60.73582380,36 a 45, Masculino ,JxC,820841705
341155909745,IVR,-33.00368780,-60.65057850,56 y mas, Femenino ,JxC,820842321
341155910861,IVR,-32.88997510,-60.69130640,56 y mas, Masculino ,PNK,820842904
341155921413,IVR,-32.95870220,-60.69304160,36 a 45, Masculino ,FdT,820842320
341155921449,IVR,-32.89140930,-60.69637300,36 a 45, Femenino ,PNK,820842501
341155928894,IVR,-32.95381560,-60.64424510,36 a 45, Femenino ,LIBERTARIOS,820844905
341155930243,IVR,-32.95870220,-60.69304160,46 a 55, Masculino ,FdT,820844914
341155933558,IVR,-32.97216120,-60.62583300,56 y mas, Femenino ,JxC,820842321
341155935812,IVR,-32.95870220,-60.69304160,36 a 45, Masculino ,LIBERTARIOS,820841912
341155949206,IVR,-32.95294490,-60.63876800,36 a 45, Masculino ,LIBERTARIOS,820840906
341155952942,IVR,-32.94344010,-60.63583640,36 a 45, Masculino ,FdT,820844716
341155954603,IVR,-32.93461700,-60.64534780,56 y mas, Femenino ,JxC,820842107
341155955653,IVR,-32.96741390,-60.73238390,56 y mas, Masculino ,NINGUNO/NOSABE,820843707
341155991384,IVR,-32.93083400,-60.73346200,36 a 45, Femenino ,LIBERTARIOS,820842110
341156023666,IVR,-33.02552030,-60.63376080,26 a 35, Masculino ,LIBERTARIOS,820846113
341156055642,IVR,-32.88528940,-60.69304690,56 y mas, Masculino ,FdT,820845704
341156055642,IVR,-32.88528940,-60.69304690,56 y mas, Masculino ,FdT,820845704
341156094336,IVR,-32.99440440,-60.63423090,56 y mas, Masculino ,JxC,820843707
341156108958,IVR,-32.98955830,-60.66743010,36 a 45, Masculino ,LIBERTARIOS,820843210
341156110975,IVR,-32.95708870,-60.71975500,36 a 45, Masculino ,JxC,820841601
341156119008,IVR,-33.01341280,-60.65260570,36 a 45, Masculino ,NINGUNO/NOSABE,820845601
341156142244,IVR,-32.95381560,-60.64424510,56 y mas, Femenino ,JxC,820842405
341156149548,IVR,-32.95122380,-60.70397690,36 a 45, Femenino ,FdT,820843619
341156168778,IVR,-32.95870220,-60.69304160,46 a 55, Masculino ,NINGUNO/NOSABE,820840507
341156202669,IVR,-33.01011790,-60.66111790,16 a 25, Masculino ,NINGUNO/NOSABE,820843609
341156224704,IVR,-32.89140930,-60.69637300,36 a 45, Femenino ,FdT,820842017
341156226133,IVR,-32.91037900,-60.79759670,16 a 25, Femenino ,FdT,820849003
341156227051,IVR,-32.91968860,-60.72770710,36 a 45, Masculino ,JxC,820844821
341156228412,IVR,-32.97750580,-60.67874850,26 a 35, Masculino ,JxC,820841912
341156229600,IVR,-33.02881910,-60.68434130,46 a 55, Masculino ,FdT,820842704
341156230462,IVR,-32.89056660,-60.69498020,36 a 45, Femenino ,JxC,820842323
341156237817,IVR,-32.92712950,-60.69519980,26 a 35, Femenino ,JxC,820841305
341156248195,IVR,-32.89721940,-60.70439370,56 y mas, Femenino ,LIBERTARIOS,820842108
341156249139,IVR,-32.93939670,-60.70570480,56 y mas, Masculino ,JxC,820845916
341156270136,IVR,-32.965064,-60.644151,56 y mas, Otro ,NINGUNO/NOSABE,820843804
341156275028,IVR,-32.95870220,-60.69304160,46 a 55, Femenino ,NINGUNO/NOSABE,820841924
341156278542,IVR,-32.90948830,-60.68281780,16 a 25, Otro ,NINGUNO/NOSABE,820841009
341156292337,IVR,-32.95756410,-60.62688270,56 y mas, Masculino ,FdT,820843511
341156294968,IVR,-32.95443530,-60.72565410,56 y mas, Femenino ,NINGUNO/NOSABE,820841813
341156352291,IVR,-32.95550800,-60.62718000,36 a 45, Masculino ,FdT,820843120
341156354288,IVR,-32.96029620,-60.69822920,36 a 45, Masculino ,FdT,820843215
341156359623,IVR,-32.93900500,-60.65308800,46 a 55, Masculino ,NINGUNO/NOSABE,820843712
341156361697,IVR,-32.94900010,-60.67323930,36 a 45, Femenino ,JxC,820841018
341156368528,IVR,-32.99194890,-60.64522530,56 y mas, Femenino ,FdT,820844301
341156369686,IVR,-32.93326990,-60.68638450,46 a 55, Femenino ,OTROS,820841104
341156377782,IVR,-32.92513510,-60.71955860,16 a 25, Femenino ,NINGUNO/NOSABE,820848501
341156387583,IVR,-32.95140990,-60.63776500,46 a 55, Femenino ,JxC,820841109
341156396271,IVR,-32.94697190,-60.63193240,36 a 45, Femenino ,JxC,820845906
341156443329,IVR,-32.95816660,-60.66756950,26 a 35, Masculino ,FdT,820845603
341156466318,IVR,-32.95870220,-60.69304160,56 y mas, Femenino ,NINGUNO/NOSABE,820842621
341156565858,IVR,-32.95588890,-60.64701110,36 a 45, Masculino ,LIBERTARIOS,820843204
341156581474,IVR,-32.95870220,-60.69304160,36 a 45, Femenino ,FIT,820843619
341156589366,IVR,-32.98179170,-60.70624380,56 y mas, Masculino ,JxC,820840506
341156601440,IVR,-32.90855930,-60.69365320,36 a 45, Femenino ,NINGUNO/NOSABE,820844911
341156639268,IVR,-32.92963870,-60.70900910,56 y mas, Masculino ,LIBERTARIOS,820848102
341156675790,IVR,-32.99751220,-60.63231030,56 y mas, Masculino ,FdT,820842310
341156680623,IVR,-32.95870220,-60.69304160,56 y mas, Femenino ,NINGUNO/NOSABE,820842701
341156685574,IVR,-32.95331540,-60.68117700,46 a 55, Femenino ,JxC,820841902
341156693449,IVR,-32.96377870,-60.68416530,46 a 55, Femenino ,JxC,820842905
341156707316,IVR,-32.93901840,-60.68036500,46 a 55, Femenino ,OTROS,820842113
341156707515,IVR,-32.95870220,-60.69304160,46 a 55, Masculino ,PNK,820848210
341156717102,IVR,-32.91973590,-60.69618760,46 a 55, Masculino ,JxC,820843811
341156765740,IVR,-32.98483680,-60.65563660,46 a 55, Masculino ,JxC,820842321
341156773239,IVR,-32.94406620,-60.65497470,46 a 55, Masculino ,LIBERTARIOS,820848104
341156833899,IVR,-32.99200880,-60.66751900,26 a 35, Masculino ,PNK,820845601
341156874598,IVR,-32.96711250,-60.69819980,46 a 55, Femenino ,NINGUNO/NOSABE,820843613
341156881820,IVR,-32.87632730,-60.69867540,36 a 45, Masculino ,FIT,820843802
341156892424,IVR,-33.02146700,-60.66244540,16 a 25, Masculino ,FdT,820845907
341156895151,IVR,-32.92548300,-60.76151030,36 a 45, Masculino ,LIBERTARIOS,820280414
341156925234,IVR,-32.89581080,-60.71365500,36 a 45, Femenino ,JxC,820845402
341156942201,IVR,-32.93911170,-60.68837700,56 y mas, Masculino ,JxC,820843803
341156962344,IVR,-32.83600070,-60.70609430,16 a 25, Otro ,LIBERTARIOS,820841602
341156967900,IVR,-32.94225830,-60.70280160,46 a 55, Femenino ,NINGUNO/NOSABE,821190807
341156981463,IVR,-32.97107390,-60.68142390,46 a 55, Femenino ,FdT,820840518
341156983365,IVR,-32.89668820,-60.70547810,26 a 35, Femenino ,FdT,820842502
341156986705,IVR,-33.02552030,-60.63376080,46 a 55, Masculino ,JxC,820840412
341157190105,IVR,-32.94056670,-60.65121370,46 a 55, Femenino ,FIT,820848414
343154580753,IVR,-32.95816660,-60.66756950,46 a 55, Femenino ,OTROS,820843303
347615366933,IVR,-32.98894300,-60.64294570,26 a 35, Masculino ,LIBERTARIOS,821190207
347615540259,IVR,-32.94100020,-60.68829470,56 y mas, Masculino ,FdT,821190304
347615540658,IVR,-32.97011370,-60.65305110,16 a 25, Femenino ,NINGUNO/NOSABE,821190305
347615672682,IVR,-32.90775940,-60.75272080,56 y mas, Otro ,LIBERTARIOS,820843707
348715470373,IVR,-32.94216150,-60.63993550,56 y mas, Masculino ,FdT,820280512
387154502466,IVR,-32.95710020,-60.63770860,56 y mas, Femenino ,FdT,820842113
